headline,target,satirical_angle
29-Year-Old Has Blast Writing His Will,"The perceived maturity and responsibility associated with adult milestones, specifically financial and estate planning.",Irony/Understatement - a normally somber and serious task (writing a will) is depicted as an enjoyable 'blast' for a young person.
Lazy FDA Approves X-Ray Vision Pills,"The Food and Drug Administration's (FDA) regulatory processes, perceived as overly lax or prone to approving questionable products.","Hyperbole/Absurdity - the FDA approves a fantastical, impossible product ('X-Ray Vision Pills'), implying a lack of rigor or due diligence."
Two New Burger King Sandwiches Negate Each Other,Fast-food marketing and the often contradictory or nonsensical nature of product development and promotion.,Absurdity/Nonsense - the idea that two food items could 'negate each other' points to the meaninglessness of excessive new menu items.
History Teacher Has Unusual Favorite President,"The often predictable or controversial nature of opinions on historical figures, especially among educators.","Understatement/Mystery - the 'unusual' favorite president implies a surprising, potentially controversial, or overlooked historical figure."
Arafat's $1.3 Billion,"The personal wealth of political leaders, particularly those in conflict zones, and the implications of such wealth.","Direct statement/Juxtaposition - the headline simply states a large sum of money associated with Arafat, inviting questions about its origin or use given his public role."
Dad Defends Purchase Of Bargain-Brand Cereal,"The social pressure or stigma associated with frugality, particularly concerning everyday household purchases.","Understatement/Relatability - the act of a 'Dad defending' a mundane, economical purchase highlights an unnecessary perceived need for justification."
Celebrity Clothing Lines,"The often perceived low quality, banality, or commercialism of celebrity-endorsed products, especially in fashion.","General observation - the headline simply states 'Celebrity Clothing Lines,' implying their ubiquity and perhaps a subtle critique of their inherent value."
Wine-Appreciation Tips,The pretentiousness or overly elaborate nature often associated with the culture of wine appreciation.,"General observation/Subtle irony - 'Wine-Appreciation Tips' suggests the existence of a complex, perhaps overly serious, body of knowledge for something enjoyable."
"Gay Man, Unattractive Woman Form Tight Bond",Societal expectations and stereotypes regarding romantic relationships and who 'should' form bonds.,"Breaking stereotypes/Subverting expectations - the headline presents an unlikely pairing based on conventional attractiveness standards, implying deeper connections can form."
Let Smoove Take You Away,"The pervasive use of celebrity endorsements in advertising, often with vague or overly broad promises.","Vagueness/Celebrity worship - the headline uses a celebrity's name with an undefined, alluring promise ('Take You Away'), highlighting the emptiness of some advertising."
"And Now, The Matter Of Whether To Pre-Approve Douglas C. Schwoegler For a Visa Gold Card","The overly bureaucratic, intrusive, or tedious nature of modern financial applications and credit processes.",Hyperbole/Bureaucratic absurdity - the extremely detailed and formal phrasing for a common credit card approval highlights the laborious nature of such processes.
God Promises 'Big Surprises' In Store For Hurricane Season,Religious interpretations of natural disasters and the human tendency to seek meaning or divine intervention in unpredictable events.,Anthropomorphism/Understatement - God's promise of 'Big Surprises' for hurricane season trivializes the devastating impact of such events with a casual tone.
Fake-A-Wish Foundation Introduces Dying Child To Brett Favre Lookalike,"The commercialization and potential phoniness of charity, especially when involving vulnerable individuals.",Cynicism/Dark humor - 'Fake-A-Wish Foundation' and a 'lookalike' instead of the real celebrity mocks the integrity of some charitable endeavors.
The West Nile Virus,Media sensationalism and public overreaction to health crises or perceived threats.,"Understatement/Matter-of-fact - simply stating 'The West Nile Virus' implies its ubiquity and the way it becomes a common, yet often overhyped, topic."
Millionaire Vows To Do For Government What He Did For Turkey Ranches,"The perceived unqualified nature of some wealthy individuals entering politics, often with business experience as their sole qualification.",Absurd comparison/Analogy - equating success in 'turkey ranches' with success in 'government' satirizes the transferable skills argument for certain politicians.
American Teen Somehow Developing Unhealthy Attitude Toward Sex,Societal influences and media portrayal leading to perceived unhealthy attitudes toward sex among young people.,Irony/Understatement - the phrase 'somehow developing' implies a feigned ignorance of the numerous cultural factors contributing to this common issue.
Lie-Detector Tests For Congress,The perceived dishonesty and lack of accountability among members of the U.S. Congress.,"Irony / Absurdity - the idea that a lie-detector test would even be considered for politicians, implying their inherent untrustworthiness."
Nation's Economic Recovery Hinging On Success Of Diet Vanilla Coke,The fragility and superficiality of economic indicators and the often arbitrary factors attributed to national economic health.,Absurdity / Understatement - implying that a trivial product like Diet Vanilla Coke could be the linchpin of an entire nation's economy.
Sixth-Grader's Family Tree Fails To Hold Up To Scrutiny,"The often romanticized or idealized notions of family history and genealogy, which can sometimes crumble under examination.","Understatement / Absurdity - the idea that a sixth-grader's simple family tree would be subject to such rigorous, and ultimately damning, scrutiny."
Woman With Shitty Job Her Own Boss,"The self-delusion and false sense of empowerment in gig economy or low-wage jobs, where workers are technically 'independent' but still exploited.",Irony / Understatement - highlighting the contradiction of a person with a genuinely terrible job claiming the autonomy of being their 'own boss'.
Stereotypes Are A Real Time-Saver,"The convenience and prevalence of using stereotypes as mental shortcuts, despite their harmfulness and inaccuracy.","Understatement / Irony - presenting the use of stereotypes as a practical, almost helpful, tool for efficiency."
Police Interruption Hastily Written Into Student Film,"The often chaotic and improvisational nature of low-budget student filmmaking, and the unexpected challenges that arise during production.",Absurdity / Self-referential humor - the idea of a real-world police interruption being so seamlessly (or awkwardly) integrated into a fictional plot.
Pope Wins Host-Eating Contest,"The rituals and traditions of the Catholic Church, specifically the Eucharist, and how they might be misinterpreted or trivialized by an outsider's perspective.","Absurdity / Profanity - turning a sacred religious rite into a competitive eating contest, stripping it of its spiritual meaning."
Magazine Announces Plans For Special 'Sex Issue',The commodification of sex in media and the often superficial or exploitative ways it is presented by mainstream magazines.,"Irony / Redundancy - implying that a magazine, especially one already focused on adult themes, would need a 'special' issue for something so inherent to its content."
Lou Dobbs Hosts Moneyline From Window Ledge,"The perceived desperation, sensationalism, or precariousness of financial news reporting and the sometimes extreme actions of media personalities.",Absurdity / Hyperbole - depicting a prominent financial news anchor in such a dramatic and potentially suicidal situation over market events.
Family Dog Barking At Evil,"The human tendency to project supernatural or moral significance onto the mundane actions of pets, and the fear of unseen forces.",Absurdity / Anthropomorphism - attributing to a dog the ability to discern and react to an abstract concept like 'evil'.
Cash-Strapped Michael Jackson Forced To Sell Off Pet Giraffes As Meat,The sensationalized media coverage of Michael Jackson's financial troubles and his eccentric lifestyle.,"Hyperbole / Absurdity - exaggerating Jackson's financial woes to the point of forcing him to sell his exotic pets for consumption, playing on his public image."
Police Seek Poorly Drawn Man,The limitations and frustrations of law enforcement when dealing with eyewitness accounts or vague descriptions of suspects.,Absurdity / Literalism - treating a literally 'poorly drawn' sketch as if it were a viable lead in a police investigation.
Man Runs Out Of Questions To Ask 4-Year-Old,"The often repetitive and sometimes unstimulating nature of conversations with young children, despite the adult's best efforts.",Understatement / Absurdity - highlighting the mental exhaustion an adult can experience when trying to engage a young child in meaningful conversation.
I'm Really Going To Miss This Task Force,"The often ineffectual or temporary nature of task forces, especially in the political or bureaucratic realm.","Irony / Understatement - feigning genuine affection for a task force, implying its ultimate lack of impact or longevity."
Home Sex Tape Watched Once,The fleeting interest or lack of rewatch value in most amateur pornography or personal intimate recordings.,"Understatement / Irony - highlighting the anticlimactic reality of something often perceived as scandalous or exciting, suggesting it's quickly forgotten."
Repressible Wit,"The self-awareness of a writer or speaker regarding their own attempts at humor, often with a hint of humility or apology.","Self-referential humor / Understatement - a clever pun that describes itself, implying the wit is not just present but also subtly held back or controllable."
The Fast-Food Lawsuit,"The litigious nature of American society, specifically targeting the fast-food industry for perceived negative health impacts.","Understatement - reducing complex legal battles to a simple, almost generic 'lawsuit' against a major industry."
Everyone In Family Claims To Be The Black Sheep,The psychological phenomenon where individuals in a family seek to differentiate themselves or claim victimhood by identifying as the 'black sheep'.,"Irony / Hyperbole - if everyone is the black sheep, then no one is, highlighting the self-centered nature of the claim."
Catholic Teens Still Coming Down After Excitement Of World Youth Day,"The perceived emotional or spiritual 'high' experienced by attendees of religious events like World Youth Day, and the inevitable return to normal life.",Understatement / Colloquialism - framing religious fervor as simply 'excitement' and the aftermath as 'coming down' like a recreational drug experience.
Trip To Native American Museum Turns Into Cigarette-Buying Spree,"Stereotypes about Native Americans and their historical association with tobacco, and the trivialization of cultural experiences.","Stereotype / Understatement - reducing a cultural museum visit to a mundane, transaction-focused 'cigarette-buying spree'."
The WorldCom Scandal,"The corporate corruption and accounting scandals prevalent in the early 2000s, specifically referencing the WorldCom scandal.","Understatement - presenting a massive corporate fraud as simply 'the WorldCom Scandal' as if it's a common, unremarkable event."
Zombie Nutritionist Recommends All-Brain Diet,"The often-extreme and niche dietary advice given by nutritionists, and the absurd lengths some go to for health.","Absurdist / Literalism - a 'zombie nutritionist' literally recommending what a zombie would eat, satirizing fad diets and health gurus."
Temp Replaced With Cheaper Temp,The precarious nature of temporary employment and corporate cost-cutting measures that prioritize cheap labor.,Understatement / Cynicism - highlighting the disposable nature of temp workers by suggesting one is replaced with an even cheaper version.
B*A*P*S Rented On Strength Of Academy Award-Winning Stars,"Hollywood's tendency to market films based on the star power of actors, even for roles in projects that may not be artistically acclaimed, and the actual quality of the film 'B*A*P*S'.","Irony / Sarcasm - implying a film like 'B*A*P*S' could only be greenlit based on the 'Academy Award-Winning Stars' in it, despite its critical reception."
American Idol Winner Already Complaining About Pressures Of Fame,"The rapid rise to fame and the immediate challenges faced by reality TV stars, particularly those from 'American Idol'.","Exaggeration / Cynicism - portraying the winner as instantly complaining about fame's pressures, highlighting the often-superficial pursuit of celebrity."
"Hotel Bar Really Hopping Tonight, Says Hotel Bartender",The often-unreliable or biased nature of self-promotion and internal marketing within businesses.,"Obviousness / Irony - the only source claiming the bar is 'hopping' is the bartender, highlighting self-serving claims."
"Mock Me If You Will, But This Huge Cock Has Gotten Me Out Of Some Tough Scrapes","The double entendre and suggestive nature of language, specifically using the word 'cock' in a literal and metaphorical sense.",Sexual Innuendo / Wordplay - relying on the dual meaning of 'cock' (a rooster vs. a penis) to create a risqué and humorous statement.
Jack Welch's Retirement Perks,The excessive and often controversial retirement packages and perks given to high-level corporate executives like Jack Welch.,"Understatement / Irony - reducing the opulent benefits of a powerful CEO to simply 'retirement perks', as if they are standard and modest."
The Sept. 11 Anniversary: Two Weeks Later,"The short attention span of the media and the public regarding significant events, even tragic ones like 9/11.","Cynicism / Understatement - implying that two weeks is a long enough period to move on from a major national tragedy, highlighting the fleeting nature of public focus."
Ask The Dauphin,The perceived entitlement and often out-of-touch nature of hereditary royalty or figures of privilege.,"Historical Irony / Anachronism - presenting a medieval royal title ('The Dauphin') as someone to 'ask' for advice, highlighting the absurdity of outdated power structures."
"Ken, Barbie Reenact Parental Fight","The idealization of family life and relationships, often represented by figures like Ken and Barbie, versus the reality of domestic conflict.","Juxtaposition / Dark Humor - taking iconic, perfect figures like Ken and Barbie and having them reenact a dysfunctional parental fight."
Disgusting Gyro Meat Magically Turns Delicious After Midnight,"The poor quality of some fast food, particularly late at night, and the lowered standards or altered perceptions of taste after a certain hour or under certain conditions.","Hyperbole / Irony - suggesting that bad food magically becomes delicious only after midnight, poking fun at late-night cravings and diminished discernment."
20 Percent Of Area Man's Income Spent Ironically,"The trend of ironic consumption and the often self-aware, yet still consumerist, habits of a certain demographic.","Hyperbole - an absurdly large percentage of income is dedicated to irony, highlighting the perceived excess and dedication to this lifestyle."
Bush And The Weapons Inspections,"The lead-up to the Iraq War, particularly the debate and skepticism surrounding the existence of weapons of mass destruction and the inspection process.","Understatement / Simplification - reducing a complex international crisis to a vague, almost bureaucratic-sounding, interaction ('Bush And The Weapons Inspections') highlights the absurdity or pretense of the situation."
Director of High-School Play Buys Director's Chair Out Of Own Pocket,The often inflated self-importance and limited budgets of community or amateur artistic endeavors.,"Situational Irony / Understatement - the director of a high-school play making a grand, yet personally funded, gesture for a minor symbol of authority highlights the disproportionate effort and ego involved."
Senators Wish Domenici Would Bring Dog To Work More Often,"The perceived dullness or lack of engaging personalities in political figures, particularly within the Senate.",Understatement / Absurdity - senators wishing for a dog's presence more often than engaging with a colleague implies the colleague is less interesting or enjoyable than a pet.
Apartment Set Up To Create Illusion Of Well-Rounded Life,"The societal pressure to appear 'well-rounded' and the superficial ways people try to achieve or project this image, especially in urban living spaces.","Situational Irony - an apartment, a physical space, is deliberately designed to give the 'illusion' of a rich inner life, satirizing the performative nature of modern identity."
Son Surprised Dad Knows Johnny Cash Song,The generational divide in musical tastes and the sometimes surprising gaps in cultural knowledge between parents and children.,Understatement / Mild Surprise - the 'surprise' that a dad knows a well-known artist like Johnny Cash subtly mocks the child's assumption of parental ignorance or the perceived coolness of the artist.
I'm Not Proud Of Some Of The Things I've Done,"The common, often vague and non-committal, expressions of regret or self-reflection that lack specific accountability.","Understatement / Euphemism - the generic phrase implies a significant past but avoids any specifics, satirizing the often-empty gestures of self-awareness."
Tracing Your Genealogy,"The popular trend of genealogy and the potential for it to reveal uncomfortable or unexpected truths, or to be a trivial pursuit.","Implied irony / double meaning - the title, while innocuous, hints at both the literal act of tracing one's family tree and the potential for 'tracing' (or being haunted by) past actions or character traits."
Area Man Always Nostalgic For Four Years Ago,"The constant human desire for nostalgia, even for very recent pasts, suggesting a dissatisfaction with the present or a lack of meaningful progression.","Hyperbole / Absurdity - 'always nostalgic for four years ago' exaggerates the speed at which people become nostalgic, highlighting a perceived shallowness or inability to live in the present."
Keepin' It Real In Tha Midstate Crib,"The appropriation and commercialization of 'real' or 'street' culture by mainstream or rural communities, often with an awkward or inauthentic result.","Mismatched Diction / Situational Irony - the use of urban slang ('Keepin' It Real,' 'Tha Midstate Crib') in a rural or suburban context ('Midstate') highlights the forced and often comical attempt at authenticity."
Teen Humiliated By Activist Mom,"Overly enthusiastic or politically correct parenting, particularly when it leads to the embarrassment of their children.","Role Reversal / Situational Irony - the child is humiliated by the parent's activism, inverting the typical scenario where parents are embarrassed by their children, thus highlighting the excesses of certain parental styles."
"Europe, The U.S., And Saddam",The complex geopolitical relationship and differing perspectives between Europe and the United States regarding the conflict with Saddam Hussein.,"Understatement / Simplification - reducing a deeply complex international issue to a simple list of entities ('Europe, The U.S., And Saddam') highlights the often-oversimplified public discourse surrounding foreign policy."
Bush Sends Troops To West Nile,The often opportunistic and sometimes absurd justifications for military interventions or the misdirection of public attention.,"Pun / Dark Humor - 'Bush Sends Troops To West Nile' plays on 'West Nile virus,' creating an absurd scenario where troops are deployed against a disease, satirizing the broad and sometimes nonsensical application of military force."
Report: Al-Qaeda Allegedly Engaging In Telemarketing,"The mundane, almost corporate, nature that even terrorist organizations might eventually adopt, or the way the media portrays them.","Juxtaposition / Absurdity - placing 'Al-Qaeda' in the context of 'Telemarketing' creates a ludicrous image, satirizing the sometimes mundane or bureaucratic language used to describe serious threats."
Jury Selection Proving Difficult In Trial Of 'The Jury Killer',"The inherent difficulties and ethical dilemmas of the justice system, especially when a criminal's actions directly undermine the system itself.","Situational Irony / Dark Humor - the difficulty of jury selection for a 'Jury Killer' highlights the absurd and self-defeating nature of the situation, exposing a flaw in the system or the audacity of the criminal."
Making McDonald's Healthier,The ongoing public health debate and the often-futile attempts to make fast food 'healthy' while retaining its core appeal and business model.,"Oxymoron / Futility - the idea of 'Making McDonald's Healthier' is presented as an inherently contradictory or impossible task, satirizing the superficial efforts to 'healthify' inherently unhealthy products."
8-Year-Old Can't Understand Why He Isn't Allowed On Roof,The perceived lack of common sense or understanding of safety in young children.,"Juxtaposition and Absurdity - an 8-year-old's desire to be on a roof is presented as a rational, yet denied, ambition."
Balloon Deliveryman Forced To Take Bus,The impracticality or irony of certain modern services or the struggles of the gig economy.,"Situational Irony - a delivery person whose job involves balloons, symbols of lightness and flight, is forced to use the most mundane and grounded form of transport."
Senate Softball Team Loses Against Local Bar,The perceived incompetence or ineffectiveness of the U.S. Senate.,"Understatement / Bathos - the esteemed Senate, whose members hold significant power, cannot even win a casual sports game against an amateur team."
Man Has Mixed Feelings About $39 Flight,"The unreasonableness or entitlement of some consumers, even when receiving a good deal.",Absurdity / Exaggeration - having mixed feelings about an extremely cheap flight highlights an overly critical or unappreciative mindset.
You Call That Groveling?,"The perceived inadequacy of someone's attempt at humility or apology, or the high bar for genuine contrition.","Rhetorical Question / Dismissal - it challenges the effectiveness or sincerity of someone's 'groveling,' implying it's not good enough."
I Regret To Say Your Wedding Falls Square In The Middle Of The Prisoner Marathon,The inconvenience and often insensitive scheduling conflicts that can arise in life.,"Juxtaposition / Dark Humor - a joyous occasion like a wedding is inconveniently scheduled during a 'prisoner marathon,' which implies a somber or unsettling event."
The 9/11 Anniversary,"The commercialization and commodification of tragic historical events, or the performative nature of remembrance.","Omission / Understatement - simply stating 'The 9/11 Anniversary' as a headline implies a cynical or weary view of how the event is now observed, perhaps suggesting a lack of deeper meaning or an over-familiarity that diminishes its gravity."
Supreme Court Cock-Blocks Iowa Man,"The power and perceived arbitrariness of the Supreme Court's decisions, or the impact of legal rulings on everyday lives.",Colloquialism / Undignified Language - using 'cock-blocks' to describe the Supreme Court's action makes a serious institution sound petty and highlights its disruptive power in a crude way.
Legalizing Pot In Canada,The perceived triviality or superficiality with which significant social and legal changes are sometimes discussed or implemented.,"Omission / Understatement - simply stating 'Legalizing Pot In Canada' as a headline, without any further context or commentary, might imply a blasé attitude towards a major policy shift, or a focus on the obvious without exploring its complexities."
Man Knows Just What He'd Say If He Met Christina Ricci,The often-unrealistic fantasies and unspoken desires people have regarding celebrity encounters.,"Specific Absurdity / Mundane Fantasy - it satirizes the common, yet often unacted upon, thoughts people have about meeting celebrities, making it specific and slightly pathetic."
Second Birthday In A Row Ruined By Terrorism,"The pervasive fear of terrorism and how it can overshadow personal events, or the self-centeredness of those affected.",Absurd Juxtaposition / Dark Humor - a personal milestone (birthday) being ruined by a global tragedy (terrorism) highlights a self-absorbed perspective or the overwhelming nature of world events.
Bush Won't Stop Asking Cheney If We Can Invade Yet,The eagerness for military conflict and the influence of certain figures in pushing for war.,"Childlike Query / Repetitive Nuisance - Bush's persistent questioning of Cheney is portrayed like a child asking 'Are we there yet?', infantilizing the decision-making process for war."
Taco Bell Employee Somehow Dressed Down By Manager,The strict hierarchy and often arbitrary nature of workplace power dynamics.,"Situational Irony / Absurdity - it implies an exceptionally low standard of dress for a Taco Bell employee, making the manager's action of 'dressing down' seem comically over-the-top."
Something Weird About Local Anchorman's Eyes,"The uncanny valley, unsettling appearance, or perceived inauthenticity of local news anchors.","Vagueness / Ominous Suggestion - the headline hints at something unsettling or unnatural about the anchorman's eyes without specifying, playing on the idea of something being 'off' in a seemingly normal person."
JazzFest Performer Recognizes Audience From Last Year,"The niche nature of jazz music and its often small, dedicated audience.","Understatement / Self-Deprecating Humor - the performer recognizing the entire audience from the previous year highlights the small, consistent, and perhaps aging demographic of jazzfest attendees."
Catholic Church Rules Perjury Not A Mortal Sin,"The perceived flexibility, hypocrisy, or selective interpretation of moral doctrines by religious institutions.","Inversion / Absurdity - it takes a serious sin (perjury) and declares it not to be a mortal sin, satirizing the idea that religious institutions might make such arbitrary moral rulings for convenience or other reasons."
Bar Owner Considering Sept. 11 Options,"The commercialization and trivialization of solemn events, specifically 9/11.","The idea that 9/11 is an 'option' for a bar owner, akin to a holiday promotion, trivializes a national tragedy."
Keeping Kids Safe,"The often-vague and performative nature of public safety discussions, particularly regarding children.",The extreme generality of 'Keeping Kids Safe' without any specific actions or context satirizes the superficiality of some safety discourse.
Martha's Mess,"Martha Stewart, likely regarding her public image, legal troubles, or domestic empire.","The ambiguity of 'Martha's Mess' suggests a well-known, ongoing public problem associated with her, implying a level of personal or professional disarray that is widely recognized."
U.S. Fast-Food Chains Agree To Voluntary Cheese Limits,The food industry's self-regulation (or lack thereof) and the prevalence of unhealthy ingredients in American fast food.,"The idea of 'voluntary cheese limits' is absurd, highlighting the industry's reluctance to make meaningful health changes and the excessive use of ingredients like cheese."
I Gotta Get Back To My Roots,The often-superficial or misguided attempts by individuals to reconnect with their heritage or 'true selves.',"The phrase 'I Gotta Get Back To My Roots' is a common cliché, and in a satirical context, it implies a comically misplaced or overly dramatic effort at self-discovery."
Who Will Bring Closure To A Grieving Nation?,"Politicians, media, and the public's handling of national tragedies and the often-performative search for 'closure.'","The question 'Who Will Bring Closure To A Grieving Nation?' is satirical because 'closure' is an abstract, personal process that cannot be 'brought' by an external figure, highlighting the futility of such a search."
I Shall Scramble Two With Bacon When The Muse Moves Me,The pretentious or overly dramatic way some people discuss their creative process or personal choices.,The high-flown language 'I Shall Scramble Two With Bacon When The Muse Moves Me' for a mundane act like ordering breakfast satirizes artistic pretentiousness and self-importance.
Area Man Hoping Cell Phone Breaks So He Can Get Better One,"Consumerism and the constant desire for newer, better technology, even when current items are perfectly functional.",The absurd hope that a working phone breaks just to justify an upgrade highlights the compulsive nature of tech consumerism.
Daughter Thinks It's Time To Have Sex Talk With Parents,"Reversal of traditional roles and the evolving dynamics of parent-child relationships, particularly regarding sensitive topics.","The daughter initiating 'the sex talk' with her parents inverts the usual dynamic, satirizing generational shifts and potentially awkward family conversations."
Desperate U.S. Colleges Weigh Emergency Bob Marley Legend Ban,"Overreactions, political correctness, or misguided attempts at social control on college campuses, particularly in response to perceived threats.",The idea of an 'emergency Bob Marley Legend ban' is so extreme and nonsensical that it satirizes the perceived hypersensitivity or overreach of some university administrations.
KKK Member Struggles To Blame Blacks For His Hangover,"Racism, specifically the tendency of bigots to externalize blame and refuse personal responsibility.","The KKK member struggling to blame Black people for his hangover highlights the absurdity and ingrained nature of his prejudice, even when it's logically impossible."
Dishwasher Thinks He's Mentoring Younger Dishwasher,"Workplace hierarchies, self-importance, and the often-inflated perception of one's role in a low-status job.","The idea of a dishwasher 'mentoring' another dishwasher elevates a menial task to a position of significant professional development, satirizing workplace pretension."
U.S. Students Lead World In Detention,The American education system's priorities and the metrics used to measure student 'success' or 'failure.',"Leading the world in 'detention' is an ironic achievement, satirizing the focus on punitive measures over actual academic excellence or healthy student development."
Plan 'L' Switched To,The often-arbitrary and frequently changing nature of bureaucratic plans or political initiatives.,"The abrupt and vague switching of 'Plan 'L' ' without context satirizes the opaque, unstable, and often meaningless shifts in official planning."
Visible Panty Line Discussed Like It's Cancer,"Societal obsession with minor fashion flaws, body image, and the hyper-critique of women's appearance.","Treating a 'visible panty line' with the gravity of 'cancer' satirizes the disproportionate importance placed on superficial aesthetic imperfections, especially for women."
"Adam Sandler Fans Disappointed By Intelligent, Nuanced Performance","Adam Sandler's acting career, his typical comedic roles, and the expectations of his fanbase.","The disappointment from fans because of an 'intelligent, nuanced performance' satirizes the low artistic expectations many have for Adam Sandler and the predictability of his usual roles."
Headache-Relief Tips,The trivialization of complex medical issues or the often unhelpful and generic advice offered for common ailments.,"Understatement / Anti-climax - the headline itself is the entire 'tip', offering no actual advice, highlighting the inadequacy of such 'tips'."
I Gotta Drop A Few Pounds,"The common, often procrastinated, desire for personal improvement, specifically weight loss.","Situational Irony / Self-deprecation - the headline is simply a direct, unfulfilled personal thought, making it a 'headline' through its banality and universality."
Would You Like To Give A Dollar To Prove You Don't Hate Crippled Kids?,The manipulative and guilt-tripping tactics used by some charities or organizations to solicit donations.,"Exaggeration / Absurdity - framing a donation as the sole proof against hating 'crippled kids' is an extreme, guilt-laden ultimatum."
Man Feels 19 Again After Not Getting Laid,"The perception of male youthfulness and vitality being solely tied to sexual activity, or the desperation for such perceived vitality.","Situational Irony / Subversion of Expectation - the '19 again' feeling comes from the *lack* of a sexual encounter, directly contradicting typical associations."
North Korean Nukes,"The constant and often sensationalized news coverage of North Korea's nuclear ambitions, reducing a complex geopolitical issue to a mere news item.","Understatement / Anti-climax - 'North Korean Nukes' as a headline implies a breaking, significant story, but its brevity offers no new information, satirizing the repetitive nature of the news cycle."
Playboy's Overhaul,"The attempts of legacy brands to remain relevant in changing cultural landscapes, often through superficial or ill-conceived rebrandings.","Understatement / Ambiguity - 'Playboy's Overhaul' is vague, implying significant change without specifying if it's successful or even necessary, highlighting the often-empty promises of rebrands."
"Daytime-Talk-Show Mixup Leads To 1,000-Pound- Man Makeover","The sensationalized and often exploitative nature of daytime talk shows, particularly their focus on extreme makeovers and personal drama.","Exaggeration / Absurdity - the 'mixup' leading to a 1,000-pound man getting a makeover implies a chaotic and poorly organized show that still delivers its sensational promise, even if misdirected."
Woman Mad Boyfriend Not Jealous She Danced With Other Guy,"Gender stereotypes regarding relationships, specifically the expectation that men should exhibit jealousy as a sign of affection or commitment.","Situational Irony - the woman's anger isn't at the dancing itself, but at the *lack* of a predictable jealous reaction, satirizing relationship expectations."
"Nails, Hair Cared For Better Than Child","Misplaced priorities in modern society, where superficial appearance or material possessions are prioritized over essential responsibilities like child-rearing.",Situational Irony / Dark Humor - the direct comparison highlights the absurdity and neglect when personal grooming clearly receives more care than a child.
Man In Break Room Can Still Hear Time Clock Ticking Loudly,"The monotonous, soul-crushing nature of mundane office jobs and the feeling of being trapped by the constant passage of time.","Hyperbole / Relatability - the sound of the time clock is amplified by the man's mental state, exaggerating the psychological impact of a mundane work environment."
Linebacker Faces Suspension For Genocide,"The often disproportionate and inconsistent application of rules and punishments, especially in sports or other public spheres, compared to actual moral failings.","Absurdity / Hyperbole - a 'genocide' leading to a 'suspension' is an extreme mismatch of crime and punishment, highlighting the trivialization of serious offenses or the over-seriousness of minor ones."
Civil War Historians Posit 'You Had To Be There' Theory,The tendency of some historians or experts to oversimplify complex historical events or to excuse a lack of deep analysis with vague appeals to context.,"Absurdity / Anti-intellectualism - reducing historical analysis to 'you had to be there' completely undermines the academic purpose of history, satirizing superficial scholarship."
CEO Would Trade 5 Percent Of Stock Options For 10 Percent More Time With His Kids,"The conflicting demands placed on high-powered executives, often caught between immense wealth/career ambition and personal life/family time.","Situational Irony - the CEO is willing to trade significant financial gain for a relatively small increase in family time, highlighting the skewed priorities and desperate desire for balance."
Prison Warden Appears On Leno With Some Of His Favorite Prisoners,"The superficiality of celebrity culture and talk shows, where even serious institutions like prisons are presented in a lighthearted, entertaining way.",Absurdity / Juxtaposition - a prison warden bringing 'favorite prisoners' onto a lighthearted talk show trivializes the justice system and humanizes criminals for entertainment.
Ask A Third Party Candidate,The general dismissiveness and lack of serious consideration given to third-party candidates in mainstream American politics.,"Understatement / Anti-climax - 'Ask A Third Party Candidate' as a headline is an instruction rather than a statement, satirizing the idea that they are an afterthought or a novelty, not a serious part of the political discourse."
Obesity On The Rise,The pervasive and often alarmist reporting on the rising rates of obesity and the associated health concerns.,"Understatement / Anti-climax - 'Obesity On The Rise' is a factual, yet extremely generic and repetitive headline, satirizing the constant, unoriginal reporting on this well-known issue."
High-School Science Teacher Takes Fun And Excitement Out Of Science,The dull and uninspiring way science is often taught in high schools.,"Irony - A science teacher, whose job is to inspire, actively removes fun from science."
63 Percent Of U.S. Implicated In New Scandal,The pervasive nature of scandals and the idea that many Americans are complicit in various societal issues.,"Hyperbole - An absurdly high percentage of the population is implicated in a scandal, suggesting widespread corruption or an overly broad definition of 'scandal'."
The Sniper Attacks,"The fear and uncertainty generated by random acts of violence, specifically sniper attacks.","Understatement / Omission - The headline simply states 'The Sniper Attacks' without any descriptive words, letting the inherent dread of the situation speak for itself."
My Novel Addresses Universal Themes Of Humanity And Has Fucking,The pretentiousness of some authors and the perceived grandiosity of their literary claims.,"Bathos / Juxtaposition - A high-minded claim about 'universal themes' is immediately undercut by a crude, unfinished phrase, suggesting the author's true priorities or lack of depth."
"Sunken Oil Tanker Will Be Habitat For Marine Life, Shell Executives Say With Straight Face",The tendency of corporations to spin environmental disasters as positive outcomes.,"Irony / Corporate doublespeak - Shell executives, responsible for an oil spill, claim a disastrous sunken tanker will become a 'habitat,' highlighting their PR manipulation."
Man Doesn't Realize Date Went Terribly,"The cluelessness and lack of self-awareness of some individuals in social situations, especially dating.","Dramatic Irony - The audience knows the date went terribly, but the subject does not, highlighting his obliviousness."
Logo In Corner Of TV Reminds Man He's Masturbating To Spice,The pervasive nature of branding and how it intrudes into intimate moments.,"Absurdist Humor - A mundane, intrusive brand logo breaks the immersion of a private, sexual act, highlighting the inescapable presence of corporate branding."
No One Has Heart To Ask Human Beat Box To Stop,Social awkwardness and the difficulty people have in confronting others about annoying behaviors.,"Empathy / Relatability - The headline plays on the common human tendency to avoid uncomfortable confrontations, even when faced with an irritating performance."
Marketing Guru Also A Getting-Divorced Guru,The often superficial and sometimes hypocritical nature of self-help and professional 'gurus'.,"Irony / Hypocrisy - A 'marketing guru' is also a 'getting-divorced guru,' implying that their professional success doesn't translate to personal competence."
"You're Not One Of Those Couples Who Secretly Videotape Their Nanny, Are You?","The societal paranoia and dark suspicions that can exist within relationships, particularly regarding privacy and trust.","Implied Accusation / Dark Humor - The question subtly suggests a common, disturbing fear, implying it's a known, if unspoken, issue."
New Mistress Seems To Be Good For Area Man,"The clichéd trope of a married man's affair 'rejuvenating' him, often ignoring the harm caused.","Irony / Cynicism - The headline presents a mistress as a positive influence, highlighting a morally questionable perspective on infidelity."
Bush On Economy: 'Saddam Must Be Overthrown',The perceived tendency of political leaders to deflect economic issues by focusing on foreign policy or military action.,"Non-sequitur / Political deflection - Bush's response to an economic question is completely unrelated, satirizing the practice of changing the subject to a more convenient topic."
The Dockworkers' Strike,The societal and economic impact of labor disputes.,"Understatement / Omission - The headline simply states 'The Dockworkers' Strike' without any descriptive words, allowing the inherent implications and potential severity of the situation to be inferred."
Goodwill Toy Section Most Depressing Thing Ever,"The emotional weight and sadness associated with discarded or second-hand items, especially children's toys.","Exaggeration / Dark Humor - The Goodwill toy section is described as 'most depressing thing ever,' tapping into the pathos of abandoned childhood objects."
The Tycoon Of 1567 Blossom Meadows Drive,The banality and lack of uniqueness in suburban life and the desire for grander titles.,"Irony / Mock Heroism - A mundane suburban address is given a grand, historical title ('The Tycoon'), highlighting the disconnect between aspiration and reality."
2002 Nobel Prize Winners,The perceived irrelevance or obscurity of some Nobel Prize winners or the public's lack of interest in academic achievements.,"Understatement / Omission - The headline simply states '2002 Nobel Prize Winners' without any descriptive words, allowing the reader to fill in the blank with their own assumptions about their obscurity or the lack of public interest."
Activity Made Up To Sell Athletic Shoes,The commercialization of physical activity and the marketing tactics of athletic shoe companies.,Exaggeration - the very concept of 'activity' is manufactured solely for product sales.
FAA Considering Passenger Ban,The increasing stringency and often absurd nature of airline regulations and security measures.,"Hyperbole - a ban on all passengers is the ultimate, extreme solution to air travel problems."
Georgia School Board Bans 'Theory Of Math',"The anti-intellectualism and irrationality present in some educational and political decisions, particularly regarding curriculum.","Absurdity - banning 'theory of math' is nonsensical, equating a fundamental academic concept with a controversial or unproven idea."
Captain's Hat Really Completes Street Lunatic's Ensemble,"The tendency to find coherence or even dignity in the bizarre and disturbing, often through superficial details.",Understatement / Ironic Approval - a 'captain's hat' is portrayed as the crucial element that elevates a 'street lunatic's' appearance.
Affable Anti-Semite Thinks The Jews Are Doing Super Job With The Media,"The insidious nature of modern antisemitism, where hateful views can be cloaked in seemingly polite or even complimentary language.",Ironic Juxtaposition - the 'affable' nature of the individual and a 'compliment' about media control mask deeply antisemitic tropes.
Newly Out Gay Man Overdoing It,"Societal expectations and stereotypes about newly out gay individuals, particularly regarding how they express their identity.",Stereotyping / Exaggeration - a newly out gay man is portrayed as immediately conforming to or overdoing certain perceived behaviors or aesthetics.
"You Know, There Are Some Excellent Red Wines Coming Out Of Argentina vs. I Hate You, I Hate You, I Hate You","The superficiality of cultural appreciation versus genuine, deep-seated emotional issues or relationship dynamics.","Juxtaposition / Absurdity - the triviality of wine preferences is placed against intense personal hatred, highlighting disproportionate emotional responses."
Snoop Dogg Goes Clean,"The recurring trope of celebrities 'going clean' or changing their public image, often for commercial or PR purposes.","Ironic Reversal / Understatement - Snoop Dogg, known for his association with cannabis, 'going clean' is presented as a jarring, unexpected, and potentially ironic transformation."
The Preemptive-Strike Debate,"The political rhetoric and often abstract, detached nature of debates surrounding military action and national security.",Understatement - reducing a complex and grave topic like preemptive strikes to just 'the preemptive-strike debate' suggests a certain level of academic or detached discussion.
Gambling-Addiction Study Gets Out Of Hand,"The tendency for academic studies or social initiatives to become self-serving, overly elaborate, or to lose sight of their original purpose.","Absurdity / Exaggeration - a study on 'gambling addiction' itself succumbs to uncontrolled behavior, implying a meta-level of failure or irony."
"American People Shrug, Line Up For Fingerprinting",Public apathy and resignation in the face of increasing government surveillance or infringements on civil liberties.,Understatement / Ironic Acceptance - the American people's 'shrug' and willing compliance with 'fingerprinting' suggest a passive acceptance of an intrusive measure.
Man Looks Forward To Coffee Date With Ex-Girlfriend All Week,"The deceptive nature of hope and anticipation, especially when it comes to rekindling past relationships or facing inevitable disappointment.","Ironic Anticipation - the man's eager anticipation for a coffee date with an ex-girlfriend implies a likely poor outcome, contrasting with his misplaced hope."
Starving Third World Masses Warned Against Evils Of Contraception,The hypocrisy and misplaced priorities of certain moral or religious doctrines that discourage contraception while global populations suffer from poverty and starvation.,"Ironic Juxtaposition - the 'starving Third World masses' are warned against 'evils of contraception,' highlighting a cruel and illogical moral stance."
"Take Advantage Of Our Two-For-One Scott Tissue Special, For One Day We Will Die",The relentless consumerism and the trivialization of profound existential realities like death in advertising.,"Juxtaposition / Absurdity - a mundane two-for-one toilet paper sale is linked directly to the inevitability of death, making light of both in a dark, humorous way."
New-Versus-Old Electric-Slide Confusion Blamed In Wedding-Reception Pileup,"The trivial causes attributed to significant, often chaotic, social incidents, particularly at events where alcohol and dancing are involved.",Absurdity / Exaggeration - 'new-versus-old electric-slide confusion' is given as the overly specific and minor cause of a 'wedding-reception pileup'.
Defense Department Typo Results In U.S. Attack On Ira,The potentially catastrophic consequences of bureaucratic errors and the often mundane origins of major international conflicts.,Understatement / Absurdity - a 'typo' leading to an entire military attack on a country highlights the terrifying fragility of international relations and the mundane nature of potential global conflict triggers.
Cage Match Settles Nothing,The futility of conflict as a resolution method.,"Ironic understatement - a cage match, an extreme form of conflict, is presented as resolving 'nothing'."
Purchase Justified By Theoretical $50 Rebate,The flawed logic and self-deception in consumer purchasing decisions.,"Absurdist justification - a 'theoretical' future rebate is used to justify an immediate purchase, highlighting irrational financial reasoning."
Tokyo Squeezes In Five More Residents,"The extreme population density and housing challenges in major urban centers, particularly Tokyo.","Ironic understatement - 'squeezing in five more residents' highlights the immense pressure on space in a densely populated city, implying it's a significant achievement when it's a minuscule number."
Band Loudly Discusses Record Deal At IHOP,"The lack of professionalism and self-importance often associated with emerging bands, and the mundane reality of their 'big breaks'.","Juxtaposition and anti-climax - a significant 'record deal discussion' is placed in the unglamorous, public setting of an IHOP, deflating the perceived importance and privacy."
Large Dependent Film Tops Weekend Box Office,"The increasing prevalence of 'tentpole' or franchise films that rely on existing intellectual property, and the perceived lack of original, independent cinema.","Ironic oxymoron - 'Large Dependent Film' critiques the paradox of big-budget movies that are not original but rather 'dependent' on pre-existing franchises, yet still dominate the box office."
Bush Seeks U.N. Support For 'U.S. Does Whatever It Wants' Plan,"The perceived hypocrisy and unilateralism of U.S. foreign policy, particularly during the Bush administration, where international cooperation was sought but ultimate self-interest prevailed.","Blunt honesty / Exaggeration of intent - it directly states the cynical underlying motive ('U.S. Does Whatever It Wants') behind seeking U.N. support, exposing the insincerity of the diplomatic efforts."
Conan 'Conanquers' The Emmys!,The self-aggrandizing nature of celebrity culture and the entertainment industry's awards ceremonies.,"Puns and grandiose language - the word 'Conanquers' is a playful, self-important neologism that combines 'Conan' with 'conquers', satirizing the often-overblown rhetoric surrounding awards and individual achievements."
The NYC Smoking Ban,The sometimes overly strict or intrusive nature of public health regulations.,"Brevity and matter-of-factness - the headline simply states the ban, and the humor comes from the implication that such a straightforward, blunt statement captures the essence of a widely discussed and often controversial regulation, highlighting its finality and broad impact."
Stephen King Calls It Quits,The prolific output of Stephen King and the idea of authors 'retiring' from their craft.,"Absurdity/Unlikelihood - Stephen King is famously prolific, making the idea of him 'calling it quits' highly improbable and thus humorous, playing on the expectation of his continuous work."
Huge Democracy Geek Even Votes In Primaries,The excessive zeal or performative nature of some politically engaged citizens.,"Hyperbole / Understatement - referring to someone who 'even votes in primaries' as a 'Huge Democracy Geek' humorously exaggerates a basic civic duty into an extraordinary act of devotion, while simultaneously understating the actual impact."
I Am The 'Top Gun' Of Commercial Airline Pilots,"The inflated self-perception or ego of individuals in their professional roles, even when those roles are quite ordinary.","Ironic comparison - comparing a commercial airline pilot to the 'Top Gun' implies an exaggerated sense of heroism and skill in a routine, albeit important, job, highlighting the individual's inflated self-importance."
RIAA Sues Radio Stations For Giving Away Free Music,The perceived overreach and litigiousness of the RIAA (Recording Industry Association of America) in protecting copyrights.,"Absurdity / Ironic reversal - the RIAA is satirically depicted as suing for the act of 'giving away free music', which is contrary to the common understanding of their role in preventing unauthorized distribution, highlighting their extreme stance on copyright."
"Temp Hides Fun, Fulfilling Life From Rest Of Office","The often monotonous or unfulfilling nature of office work and the need for employees to maintain a separate, richer personal life.","Ironic secrecy - the idea of a 'temp' (often associated with transient, less fulfilling work) actively 'hiding' a 'fun, fulfilling life' highlights the stark contrast between work and personal identity, and the desire to protect the latter from the former."
"When I'm Feeling Blue, I Can Always Go To My Undisclosed Location",The secretive and often controversial nature of government or corporate 'undisclosed locations' and the sometimes absurd justifications for their existence.,"Juxtaposition and dark humor - the idea of an 'undisclosed location' (often associated with serious, sensitive, or even illicit activities) being a personal comfort spot for when one is 'feeling blue' satirizes the appropriation of serious terminology for mundane, even emotional, purposes."
Modern-Day Proust E-Mails Friend Six Times A Day,"The evolution of communication in the digital age and how it contrasts with more traditional, elaborate forms of expression.","Ironic comparison and anti-climax - comparing someone who 'E-Mails Friend Six Times A Day' to a 'Modern-Day Proust' humorously exaggerates the significance of frequent, casual digital communication by likening it to a literary figure known for deep, introspective, and lengthy prose."
Bodybuilding Tips,The self-help industry and its often simplistic or overly prescriptive advice.,"Absence / Implied futility - the headline 'Bodybuilding Tips' with no actual content satirizes the superficiality or redundancy of such advice, implying that either the tips are so obvious they don't need to be stated, or that the concept itself is inherently simple."
Spy World-Famous,The perceived glamour and secrecy often associated with espionage and spy narratives.,"Ironic twist on the 'world-famous' adjective, which is incongruous with the secret nature of a spy's job."
85 Percent Of U.S. Cole Slaw Remains Uneaten,"The often-disliked nature of coleslaw, particularly in large, uneaten quantities.","Hyperbole and exaggeration of a common, slightly negative culinary experience."
Infant Doing Everything In Her Power To Save Relationship,"The intense, often dramatic efforts individuals make to salvage failing relationships, even when it's futile.","Absurdity and hyperbole, attributing complex adult emotional efforts to an infant, highlighting the desperation of relationship struggles."
Teacher Bitches About Paycheck To Sixth-Grade Class,The common complaint among teachers regarding their low salaries and the inappropriate sharing of adult grievances with students.,"Dark humor and social commentary, showing a teacher's unprofessionalism and frustration with their pay in front of an impressionable audience."
Jesus Surprises 700 Club With Walk-On Appearance,"Religious programming, specifically 'The 700 Club', and the sensationalism or dramatic expectations associated with divine appearances.","Absurd literalism and surrealism, depicting a literal appearance of Jesus on a TV show that often discusses religious prophecies or miracles."
"U.S. Consumer Confidence Down, Says Guy Trying To Sell Van",The often-biased or self-serving nature of economic reporting and the use of anecdotal evidence to support claims.,"Irony and cynicism, highlighting that economic 'experts' can have ulterior motives that compromise their objectivity."
The Bin Laden Audiotape,"The fascination with, and often re-packaging of, intelligence or propaganda materials from notorious figures.","Understatement and implied banality, where a famously ominous artifact is presented with a mundane, almost dismissive title."
Rehab Clinics Are So Much Cooler In Europe,"The perception of European sophistication and superiority, even in less glamorous or stigmatized areas like addiction treatment.","Stereotyping and humorous cultural comparison, suggesting that even unpleasant institutions are 'cooler' abroad."
New York City's Olympic Bid,The often-overblown and ultimately unsuccessful bids by major cities to host the Olympic Games.,"Anticipatory irony, as New York City has a history of unsuccessful Olympic bids, making the headline a knowing nod to past failures."
FBI: Muslim Groups In U.S. May Be Developing Nuclear Families,Fear-mongering about Muslim communities and the absurd conclusions drawn by law enforcement or media.,"Satirical play on words, using 'nuclear families' to twist the phrase 'nuclear weapons' in a way that mocks irrational fear."
Mother Jealous After Reading Daughter's Diary,"The complex and often competitive relationship between mothers and daughters, and the invasion of privacy.","Dark humor and social commentary, highlighting an unhealthy maternal jealousy that extends to private teenage thoughts."
Drummer's Girlfriend Thinks He Should Sing,"The often-inflated egos of musicians, particularly drummers, and the unsolicited opinions of their partners.","Common trope humor, playing on the stereotype of drummers wanting to be frontmen and girlfriends offering unhelpful career advice."
Senator Mix-A-Lot Sponsors Titties-On-Glass Legislation,The sometimes crude or pandering nature of politics and the unexpected or absurd legislation proposed by politicians.,"Absurdist humor and cultural reference, creating an outlandish scenario where a hip-hop artist/politician proposes ridiculously themed legislation."
Teen Newsweek Reports North Korea Is The Bomb,The often superficial or misinformed nature of youth-focused media and their coverage of complex international affairs.,"Pun and cultural reference, using teenage slang ('the bomb') in a context where 'bomb' has a very serious and different meaning regarding North Korea."
Upper-Middle-Class Woman Worries There's Better Coffee She Doesn't Know About,"The anxieties and trivial concerns of the upper-middle class, particularly regarding consumer choices and perceived social status.","Exaggeration and social critique, highlighting the self-absorbed and often trivial worries of a privileged demographic."
Christian Slater Dropped From List Of Names To Drop,"The fleeting nature of celebrity, fame, and social relevance, especially for once-popular actors.","Ironic commentary on the ephemerality of cool or status, suggesting that even mentioning Christian Slater is no longer a sign of being 'in'."
History Channel Admits To Profiting From Nazi Documentaries,"The History Channel's programming choices, specifically its over-reliance on documentaries about Nazi Germany.","Ironic Admission - The headline satirizes the History Channel's self-serving content decisions by having them 'admit' to profiting, as if it's a surprising revelation, when it's an obvious and often criticized aspect of their programming."
Area Man Buying Not So Much A Soft Drink As An Image,Consumer culture and the role of branding and marketing in selling products.,"Understatement / Specificity - It highlights how consumers aren't just buying a product for its utility, but for the lifestyle or identity it represents, by framing it as 'an image' rather than just 'a soft drink'."
Republicans Take The Senate,The political landscape and the potential for shifts in power.,"Direct Statement / Factual Reporting (with implied context) - While seemingly a straightforward headline, in a satirical context, it might be used to set up further, more absurd political commentary, or to highlight the repetitive and often predictable nature of political cycles."
Winona Ryder's Probation,Celebrity legal troubles and the public's fascination with them.,"Understatement / Irony - The headline treats a celebrity's legal consequences (probation) as a mundane or even trivial item, highlighting the often disproportionate media attention given to celebrity minor infractions."
Sarah Jessica Gives 'Birth In The City'!,"The 'Sex and the City' franchise and its star, Sarah Jessica Parker.","Pun / Wordplay / Juxtaposition - It satirizes the show's title and themes by humorously combining 'birth' with 'in the City,' playing on the original title and creating a humorous, unexpected twist related to motherhood."
'Beltway Sniper' Video-Game Release Delayed Out Of Respect For Victims,"The sensationalism of media and entertainment, particularly video games, regarding real-life tragedies.","Ironic Delay / Hypocrisy - The headline satirizes the superficial 'respect' shown by delaying a video game based on a tragedy, implying the game's existence itself is disrespectful, and the delay is a hollow gesture rather than genuine reverence for victims."
Marxists' Apartment A Microcosm Of Why Marxism Doesn't Work,The practical failings and internal inconsistencies of Marxist ideology when applied to real life.,"Analogy / Metaphor - It uses the disarray of a 'Marxists' Apartment' as a literal, small-scale representation of the larger, ideological failures of Marxism, creating a humorous and relatable critique."
Supreme Court Makes Pact To Lose Virginity By End Of Year,The perceived out-of-touch or conservative nature of the Supreme Court.,"Absurdity / Sexual Innuendo - It satirizes the Supreme Court by applying a common, often awkward teenage pact (losing virginity) to a group of highly respected, usually older, and professional individuals, creating a highly incongruous and humorous image."
India's Top Physicists Develop Plan To Get The Hell Out Of India,"The 'brain drain' phenomenon in developing countries, where talented individuals leave for better opportunities abroad.","Hyperbole / Understatement (of desperation) - The headline satirizes the dire situation by having 'India's Top Physicists' not just plan to leave, but to 'get the hell out of India,' highlighting the extreme motivation for emigration."
Frat-Guy Boyfriend Not Like The Other Frat Guys,The stereotype of the 'frat guy' and individual attempts to differentiate from a group.,"Irony / Common Trope - It satirizes the cliché of someone claiming to be unique from a stereotypical group (frat guys), even while remaining within that group, highlighting the often-unsuccessful attempts to be perceived as 'different'."
Former Couple To Remain Friends Until One Finds New Sex Partner,The often-awkward and superficial nature of post-breakup friendships.,"Cynicism / Brutal Honesty - It satirizes the pretense of 'remaining friends' after a breakup by explicitly stating the true, often unacknowledged, condition for the friendship's continuation: the finding of a new sexual partner, exposing the underlying motivations."
"Tract Writer Cites God, Jack Chick As Influences","Religious fundamentalism and the specific, often inflammatory, content of Jack T. Chick's tracts.","Juxtaposition / Absurdity - The headline satirizes the intellectual and theological influences of a 'Tract Writer' by placing God alongside Jack Chick, humorously implying Chick's tracts are on par with divine inspiration, or are a foundational text for a certain type of religious belief."
Teen Anxious For Cigarette Addiction To Kick In,"Teenage rebellion, the allure of forbidden habits, and the misguided perception of 'coolness' associated with addiction.","Situational Irony / Naivety - It satirizes the shortsightedness and misguided aspirations of some teenagers by having one eagerly anticipate a harmful addiction (cigarettes), highlighting the inverse of what a healthy person would desire."
Director's Commentary For One Night At McCool's Trails Off After 20 Minutes,Director's commentaries and their often self-indulgent or uninspired nature.,"Anti-climax / Understatement (of disinterest) - It satirizes the director's commentary format by having the director's enthusiasm (or ability to speak) wane quickly, implying the film itself might be uninspiring or the commentary lacks substance."
I'll Try Anything With A Detached Air Of Superiority,Intellectual snobbery and pretentiousness.,"Self-satire / Direct Statement of Character Flaw - This headline is a direct and humorous self-assessment, openly admitting to a pretentious approach, thereby satirizing the very trait it describes by being so blunt about it."
Just Wait 'Til I Get These Fucking Rubber Bands Off,"The mundane frustrations of everyday life, particularly those involving physical constraints or annoyances.","Exaggeration / Ominous Understatement - The headline takes a trivial, common annoyance (rubber bands) and imbues it with an absurdly menacing tone, implying that once freed, the speaker will unleash something significant, humorously escalating a minor issue."
Second-Grade Teacher Overhyping Third Grade,"The tendency of teachers, especially in elementary school, to build up the next grade level with an almost excessive level of excitement and anticipation for young children.","Understatement / Exaggeration - it highlights the triviality of the 'overhyping' in the grand scheme of things, making it seem like a monumental event."
The Russian Theater Raid,"The tendency of media and public discourse to sensationalize or trivialize serious events, particularly when presented as a 'listicle' or lighthearted topic.","Understatement / Juxtaposition - by presenting a serious event like 'The Russian Theater Raid' as a mere item on a list, it downplays its gravity, similar to how other trivial headlines might appear."
The Lynyrd Skynrd Crash,"The way tragic events, especially those involving celebrities or public figures, become commonly known touchstones, often referenced casually without fully acknowledging their gravity.","Understatement / Normalization - by listing 'The Lynyrd Skynrd Crash' as a casual item, it satirizes how tragic historical events can become almost mundane references over time."
Republicans Mount Campaign To Rename Alzheimer's 'Reagan's Disease',"The Republican party's perceived reverence for Ronald Reagan and their tendency to reframe or reinterpret historical narratives to align with their political agenda, even when inappropriate.","Absurdity / Irony - proposing to rename a serious disease after a former president, especially given the disease's nature, is an absurd way to criticize hero worship and political opportunism."
Hippie Very Involved In Hippie Non-Sports,"The stereotype of hippies being focused on counter-culture activities, often to the exclusion of mainstream pursuits like sports.","Redundancy / Literalism - by stating a 'Hippie Very Involved In Hippie Non-Sports,' it satirizes the obvious and stereotypical nature of the subject, making a common perception seem almost comically self-evident."
Vacationer Checks Weather Report For Hometown,"The human tendency for self-centeredness and a persistent connection to one's origins, even when far away or on vacation.","Irony / Redundancy - the act of checking hometown weather while on vacation highlights a kind of self-absorption or inability to fully disconnect from one's normal life, making the action seem slightly absurd given the context of a 'vacationer.'"
Fact Repeated As Urban Legend,"The way factual information can be distorted, embellished, or stripped of its credibility over time, eventually being relegated to the status of folklore.","Irony / Juxtaposition - the headline 'Fact Repeated As Urban Legend' directly states the satirical point, highlighting the absurdity of how verifiable truths can devolve into unsubstantiated rumors through repetition and misremembering."
How Was Local Man To Know Carol Channing's Niece Was Around?,"The obliviousness or self-absorption of some individuals, particularly men, regarding social situations or the presence of notable people around them.","Absurdity / Understatement - the idea that someone wouldn't know a famous person's niece was 'around' creates a comically specific and trivial excuse for social unawareness, highlighting a kind of sheltered or unobservant existence."
FBI: Six Dead Not Really 'Mass' Murder,"The bureaucratic tendency to minimize or reclassify serious events, particularly tragedies, based on arbitrary definitions or statistical thresholds.","Understatement / Euphemism - the FBI claiming 'Six Dead Not Really 'Mass' Murder' satirizes the cold, detached, and often arbitrary nature of official classifications, especially when they downplay human suffering."
Man Always Insists You Toss Him Keys Rather Than Just Hand Them To Him,"The minor, yet persistent, irritations caused by the quirks and unnecessary demands of other people in everyday interactions.","Exaggeration / Specificity - by focusing on the extremely specific and slightly annoying act of 'Man Always Insists You Toss Him Keys Rather Than Just Hand Them To Him,' it exaggerates a common social pet peeve into a headline-worthy event, highlighting the trivial annoyances of daily life."
Barnes & Noble Staffers Mock Orson Scott Card Crowd From Back Of Room,"The perceived intellectual snobbery or disdain of booksellers and literary circles towards popular, often controversial, authors and their fanbases.","Irony / Elitism - the image of Barnes & Noble staffers 'mocking' a crowd for a specific, often derided, author from a hidden vantage point satirizes the perceived intellectual superiority of some bookstore employees over mainstream or genre fiction readers."
Woman Who Visited Kenya Once Struts Confidently Into African Store,"The phenomenon of cultural appropriation, superficial engagement with other cultures, and the resulting undeserved confidence based on minimal experience.","Exaggeration / Irony - the headline highlights the absurdity of someone gaining 'confident' cultural expertise from a single, brief visit to a country, especially when applied to an entire continent's 'African Store.'"
Frequent Flyer Knows Out-Of-The-Way Airport Bar That's Never Crowded,The pretentiousness and self-importance of some frequent travelers who believe their extensive experience grants them special knowledge or status.,"Exaggeration / Specificity - the headline satirizes the specific, trivial, and often self-aggrandizing knowledge frequent flyers boast about, making a mundane detail seem like a significant discovery."
Iraq And The Nuclear Option,"The casual and often flippant way in which serious geopolitical issues, particularly those involving military intervention and weapons of mass destruction, are discussed in media and political discourse.","Understatement / Juxtaposition - by listing 'Iraq And The Nuclear Option' as a casual item, it satirizes the way grave political and military decisions can be presented as just another topic, akin to a movie or a person's name."
Coworker Suicide Fails To Shatter Office,The dehumanizing effect of corporate culture and the expectation for employees to maintain professionalism and productivity even in the face of tragedy.,"Dark Humor / Understatement - the headline 'Coworker Suicide Fails To Shatter Office' uses extreme understatement to highlight the chilling indifference or rapid return to normalcy expected in a corporate environment, even after a profound human tragedy."
Lord of The Rings: The Two Towers,"The often overly detailed and sometimes tedious nature of sequels, especially in epic sagas, or the way popular culture reduces complex narratives to simple titles on a list.","Understatement / Juxtaposition - by listing 'Lord of The Rings: The Two Towers' as a casual item on a list, it satirizes how even monumental cultural works can be reduced to a simple, almost mundane entry, stripping away their epic scope."
What This Town Needs Is A Really Shitty Community Newspaper,The perceived decline in quality and relevance of local community newspapers.,Ironic endorsement of mediocrity - suggesting that a 'shitty' newspaper is precisely what's needed.
Secret Santas Are For Shit,"The often performative or forced nature of holiday gift exchanges, specifically 'Secret Santa' events.","Blunt, dismissive hyperbole - completely devaluing the tradition."
Ghost Of Christmas Future Taunts Children With Visions Of PlayStation 5,"The intense desire and consumer culture surrounding popular tech gadgets, particularly among children, and the commercialization of holidays.","Anachronistic and materialistic update of a classic Christmas ghost - suggesting that the ultimate fear for children is not a bad future, but missing out on a specific consumer item."
Bill Of Rights Pared Down To A Manageable Six,The erosion or perceived threats to fundamental constitutional rights.,Understatement / Normalization of a severe reduction - making a significant loss sound like a practical improvement.
Area Man Lives To Correct Pronunciation,Pedantry and the obsessive correction of others' speech.,"Hyperbole - reducing a person's entire life purpose to a single, annoying habit."
Country Music Protested In Restaurant's Kitchen,The often perceived lack of culinary sophistication or general disdain for country music as a genre.,"Absurdist personification and inverted social commentary - implying country music is so bad it's even protested by inanimate objects or in unexpected, mundane settings."
Defiant Customers Refuse To Return Recalled Crib,"Consumer stubbornness and the disregard for safety warnings, even when it pertains to their children.",Absurdist defiance - portraying consumers as unreasonably attached to a dangerous product out of sheer contrariness.
Miss Nude America Loses Title After Appearing Clothed In Woman's Day,The often superficial and contradictory standards of beauty pageants and media portrayal of women.,"Ironic consequence - someone in a 'nude' pageant loses their title for being clothed in an unexpected context, highlighting the arbitrary rules and expectations."
Conjoined Twin Hogging Kidney,Sibling rivalry and the petty disputes over shared resources.,Absurdist application of mundane conflict to a serious medical condition - making a life-threatening situation sound like a childish squabble.
Zagat Editor A 'Nice Guy' But 'Kind Of Boring',The often bland and uncritical nature of some food criticism or the general difficulty in giving truly honest but polite reviews.,Understated but pointed criticism - using seemingly mild praise ('nice guy') followed by a damning but polite indictment ('kind of boring').
"Oh My God, I Am So Totally Not A Fully Developed Person",The self-awareness and angst of adolescence or young adulthood regarding personal development and identity.,"Exaggerated internal monologue - a dramatic, almost cliché expression of youthful existential crisis."
Nation Afraid To Admit 9-Year-Old Disabled Poet Really Bad,"The discomfort or inability to honestly critique art, especially when the artist is a child or has a disability, due to political correctness or fear of appearing insensitive.",Social commentary through an open secret - highlighting society's reluctance to offer genuine criticism in specific sensitive situations.
Strom Turns 100,"The longevity of political figures, particularly those who have served for many decades.",Understated observation - simply stating a fact that in itself points to an unusual or enduring political career.
I Didn't Mean To Lead You On By Fucking You,The blurred lines and conflicting interpretations of consent and intention in sexual encounters.,"Blunt and ironic apology - directly stating a sexual act while paradoxically claiming no intention to mislead, highlighting a disconnect in understanding."
God Late For Local Wedding,"The human tendency to perceive divine intervention or the lack thereof in everyday events, or a humorous take on religious expectations.",Anthropomorphizing God - portraying a deity as having mundane human failings like being late.
Chapter 11 For Boston Archdiocese?,"The financial struggles and controversies within religious institutions, particularly the Catholic Church, often related to legal settlements.","Juxtaposition of sacred and secular - applying a legal/financial term (Chapter 11 bankruptcy) to a religious institution, highlighting its worldly problems."
Area Mom Could Have Made Same Meal At Home For Much Cheaper,"The perceived high cost and often unremarkable quality of restaurant food, particularly from the perspective of a frugal parent.","Understatement/Ironic Literalism - The headline points out the obvious financial inefficiency of eating out when a homemade alternative is always cheaper, highlighting a common parental complaint."
Mall Of Central America Looted On Opening Day,"The social and economic instability in Central America, as well as the recurring trope of large commercial developments being aspirational but failing to address underlying issues.","Hyperbole/Absurdist Irony - A brand new, massive commercial enterprise (a mall) in a region often associated with instability is immediately looted on its opening day, suggesting inherent and immediate chaos."
You To Receive 15 Pounds Of Venison Sausage From Uncle,"The often overwhelming, unsolicited, and sometimes unwanted 'gifts' or gestures from well-meaning but eccentric relatives, particularly those related to hunting or rural life.","Specificity/Absurdist Detail - The precise and large quantity ('15 Pounds') of a very specific item ('Venison Sausage') from a generic 'Uncle' creates a humorous image of an unavoidable, slightly burdensome gift."
Punk Band Has Something Against Local Newscaster For Some Reason,"The often arbitrary and petty nature of interpersonal conflicts, especially within niche subcultures, and the tendency for local news to sometimes focus on minor, inexplicable disputes.","Vagueness/Absurdist Specificity - The headline provides a specific subject (punk band, local newscaster) but completely omits the crucial 'why,' creating humor from the unexplained, seemingly irrational animosity."
FBI Director Wishes He Had Some Alien Thing To Cover Up,"The persistent conspiracy theories surrounding government cover-ups, particularly those involving extraterrestrial life, and the implied desire for such a dramatic secret from a high-ranking official.","Ironic Wish-Fulfillment/Understatement - The FBI Director's desire for an 'alien thing' to cover up suggests a yearning for the kind of thrilling, high-stakes secrets often attributed to such agencies in fiction, rather than mundane reality."
Democrats In Disarray,The recurring narrative and media portrayal of internal divisions and infighting within the Democratic Party.,"Repetitive Trope/Journalistic Cliché - The headline is a direct, unironic restatement of a phrase so frequently used in political commentary that it has become a self-parodying cliché, highlighting the media's fixation on internal party struggles."
Adventures In Babysitting,"The often chaotic, unpredictable, and sometimes perilous experience of babysitting, especially when unexpected challenges arise.","Understatement/Ironic Euphemism - The generic and innocent-sounding title 'Adventures in Babysitting' belies the likely stressful, problematic, or even dangerous situations that can arise when caring for children, playing on the film title of the same name."
Mom Tries To Appear Interested In Daughter's Documentary,"The often performative or forced interest parents show in their children's creative or academic pursuits, even when they find them unengaging.","Situational Irony/Relatability - The headline captures a universally understood domestic dynamic where a parent struggles to feign interest in a child's passion project (a documentary), highlighting the effort involved in maintaining parental support."
Elderly Man Silently Wages War Against Pharmacy,"The minor, everyday frustrations and power struggles elderly individuals might face, often with a sense of quiet determination, in systems designed without their convenience in mind.","Hyperbole/Absurdist Contrast - A mundane situation (dealing with a pharmacy) is elevated to the dramatic scale of a 'war,' comically exaggerating the quiet but intense battle an elderly person might wage against perceived inconveniences or bureaucracy."
Forget All That I Said About Me Being An Alcoholic,"The often back-and-forth, self-deceptive, and sometimes insincere nature of promises to quit an addiction, and the quick abandonment of such commitments.",Blatant Retraction/Dark Humor - The immediate and dismissive 'Forget All That I Said' about a serious issue like alcoholism humorously highlights the difficulty of maintaining sobriety and the casualness with which such promises can be broken.
The Cobain Diaries,"The commodification and obsessive analysis of famous figures' personal lives, particularly after their death, and the creation of sensationalized narratives from their private thoughts.","Exploitation/Sensationalism - The title 'The Cobain Diaries' directly references a known cultural artifact, hinting at the public's morbid curiosity and the media's tendency to capitalize on the private struggles of deceased celebrities for profit or dramatic effect."
Video-Camera Tips,"The often overly specific, sometimes mundane, and occasionally condescending advice given in 'how-to' guides, especially for simple or commonly understood tasks.","Vagueness/Anti-Climax - The generic and uninformative title 'Video-Camera Tips' offers no actual advice, comically suggesting either a lack of useful information or the triviality of the tips themselves, serving as a placeholder for obvious or unhelpful guidance."
Surgeon General Mills Recommends Three To Five Servings Of Froot Per Day,"The often questionable or contradictory health advice given by public figures or institutions, and the tendency to present overly simplistic solutions to complex health issues.",Pun/Absurdist Authority - The combination of 'Surgeon General' with 'General Mills' and 'Froot' (a cereal ingredient) satirizes the commercialization of health advice and the sometimes nonsensical or biased recommendations that emerge from official sources.
Report: Presidents Washington Through Bush May Have Lied About Key Matters,"The constant revisionist history and critical re-evaluation of historical figures, especially former presidents, often leading to revelations that undermine their public image.","Understatement/Predictable Scandal - The report stating that 'Presidents Washington Through Bush May Have Lied' is a massive understatement and a statement of the obvious, satirizing the predictable cycle of historical figures being exposed for past dishonesty."
Area Man Thinking Up Funny Things To Say For Next Football Game,"The mundane, internal thought processes of an 'area man' (a generic, everyman figure) as he prepares for social interactions, and the often unspectacular nature of everyday humor.","Situational Comedy/Relatability - The headline provides a window into the very specific, low-stakes internal world of an 'area man' who is putting effort into crafting 'funny things' for a casual event, highlighting the relatable yet slightly pathetic nature of trying to be witty."
Relaxed Marie Kondo Now Says She Perfectly Happy Living In Waist-High Sewage,"The often performative or extreme nature of 'decluttering' and minimalist trends, and the unrealistic expectations they set, leading to a satirical collapse of the guru's own principles.","Absurdist Hyperbole/Ironic Reversal - Marie Kondo, famous for extreme tidiness, being 'Perfectly Happy Living In Waist-High Sewage' is a complete and disgusting reversal of her philosophy, satirizing the eventual breakdown or hypocrisy of overly rigid lifestyle gurus."
